{
    "192.168.137.170": {
        "angle": 123.4643555,
        "radian": 2.154859543
    },
    "192.168.137.191": {
        "angle": 193.8867188,
        "radian": 3.383961678
    },
    "192.168.137.192": {
        "angle": 311.418457,
        "radian": 5.435277462
    },
    "192.168.137.171": {
        "angle": 127.6171875,
        "radian": 2.227340221
    },
    "192.168.137.172": {
        "angle": 196.6113281,
        "radian": 3.431514978
    },
    "192.168.137.173": {
        "angle": 300.5639648,
        "radian": 5.245831013
    },
    "192.168.137.150": {
        "angle": 324.1625977,
        "radian": 5.65770483
    },
    "192.168.137.175": {
        "angle": 300.168457,
        "radian": 5.238927841
    },
    "192.168.137.151": {
        "angle": 151.9628906,
        "radian": 2.652252674
    },
    "192.168.137.153": {
        "angle": 167.0581055,
        "radian": 2.915714025
    },
    "192.168.137.174": {
        "angle": 261.6943359,
        "radian": 4.567427635
    },
    "192.168.137.155": {
        "angle": 321.7895508,
        "radian": 5.616287231
    },
    "192.168.137.154": {
        "angle": 267.9125977,
        "radian": 4.675956726
    },
    "192.168.137.190": {
        "angle": 208.6083984,
        "radian": 3.640903473
    },
    "192.168.137.152": {
        "angle": 224.8681641,
        "radian": 3.92468977
    }
}